sr,sr.sd
0.6402439024390244,0.12121296960663833
