Calves_real,F_real,M_real,sr_rea,Adult_real,Rad_real,Rf_real,
15,31.25,20,0.64,51.25,0.292682927,0.48,
15,31.25,20,0.64,51.25,0.292682927,0.48,
15,31.25,20,0.64,51.25,0.292682927,0.48,
,,,,,,,
,,,,,,,
,,,,,,,
,,,,,,,
,,,,,,,
obs_sr,sightability,Calves_obs,F_obs,M_obs,Adult_obs,R_obs,R_corrected
0.77,0.5,9.471,19.73125,5.89375,25.625,0.3696,0.3072
0.7,0.5,8.61,17.9375,7.6875,25.625,0.336,0.3072
0.64,0.5,7.872,16.4,9.225,25.625,0.3072,0.3072